{
  "image":              "images/5.jpg",
  "date":               "December 25, 2013",
  "author":             "A. Gamal",
  "title":              "Darkness",
  "title_secondary":    "Dealing with the dark places in life",
  "content":            "<p>The Hatter shook his head mournfully. 'Not I!' he replied. 'We  quarrelled last March&mdash;just before HE went mad, you know&mdash;' (pointing  with his tea spoon at the March Hare,) '&mdash;it was at the great concert  given by the Queen of Hearts, and I had to sing</p> <p>\"Twinkle, twinkle, little bat!       How I wonder what you're at!\"</p> <p>You know the song, perhaps?'</p> <p>'I've heard something like it,' said Alice.</p><p>'It goes on, you know,' the Hatter continued, 'in this way:&mdash;</p> <p>Here the Dormouse shook itself, and began singing in its sleep 'Twinkle,  twinkle, twinkle, twinkle&mdash;' and went on so long that they had to pinch  it to make it stop.</p>"
}