{
  "image":              "images/4.jpg",
  "date":               "November 22, 2013",
  "author":             "I. Kraegen",
  "title":              "Staying Organized",
  "title_secondary":    "10 ways to keep your life & workspace clutter-free",
  "content":            "<h2>Step 1</h2> <p>Lorem ipsum dolor sit amet, consectetur adipiscing elit. Nam ullamcorper justo sem. Fusce ac sem est. Aenean dignissim feugiat auctor. Vestibulum in ante sem. Ut sit amet erat arcu, eget fringilla odio. Aenean a nibh est. Cras metus urna, vulputate non feugiat vel, condimentum sit amet purus.</p> <h2>Step 2</h2> <p>Lorem ipsum dolor sit amet, consectetur adipiscing elit. Nam ullamcorper justo sem. Fusce ac sem est. Aenean dignissim feugiat auctor. Vestibulum in ante sem. Ut sit amet erat arcu, eget fringilla odio. Aenean a nibh est. Cras metus urna, vulputate non feugiat vel, condimentum sit amet purus.</p> <h2>Step 3</h2> <p>Lorem ipsum dolor sit amet, consectetur adipiscing elit. Nam ullamcorper justo sem. Fusce ac sem est. Aenean dignissim feugiat auctor. Vestibulum in ante sem. Ut sit amet erat arcu, eget fringilla odio. Aenean a nibh est. Cras metus urna, vulputate non feugiat vel, condimentum sit amet purus.</p> <h2>Step 4</h2> <p>Lorem ipsum dolor sit amet, consectetur adipiscing elit. Nam ullamcorper justo sem. Fusce ac sem est. Aenean dignissim feugiat auctor. Vestibulum in ante sem. Ut sit amet erat arcu, eget fringilla odio. Aenean a nibh est. Cras metus urna, vulputate non feugiat vel, condimentum sit amet purus.</p> <h2>Step 5</h2> <p>Lorem ipsum dolor sit amet, consectetur adipiscing elit. Nam ullamcorper justo sem. Fusce ac sem est. Aenean dignissim feugiat auctor. Vestibulum in ante sem. Ut sit amet erat arcu, eget fringilla odio. Aenean a nibh est. Cras metus urna, vulputate non feugiat vel, condimentum sit amet purus.</p> <h2>Step 6</h2> <p>Lorem ipsum dolor sit amet, consectetur adipiscing elit. Nam ullamcorper justo sem. Fusce ac sem est. Aenean dignissim feugiat auctor. Vestibulum in ante sem. Ut sit amet erat arcu, eget fringilla odio. Aenean a nibh est. Cras metus urna, vulputate non feugiat vel, condimentum sit amet purus.</p> <h2>Step 7</h2> <p>Lorem ipsum dolor sit amet, consectetur adipiscing elit. Nam ullamcorper justo sem. Fusce ac sem est. Aenean dignissim feugiat auctor. Vestibulum in ante sem. Ut sit amet erat arcu, eget fringilla odio. Aenean a nibh est. Cras metus urna, vulputate non feugiat vel, condimentum sit amet purus.</p> <h2>Step 8</h2> <p>Lorem ipsum dolor sit amet, consectetur adipiscing elit. Nam ullamcorper justo sem. Fusce ac sem est. Aenean dignissim feugiat auctor. Vestibulum in ante sem. Ut sit amet erat arcu, eget fringilla odio. Aenean a nibh est. Cras metus urna, vulputate non feugiat vel, condimentum sit amet purus.</p> <h2>Step 9</h2> <p>Lorem ipsum dolor sit amet, consectetur adipiscing elit. Nam ullamcorper justo sem. Fusce ac sem est. Aenean dignissim feugiat auctor. Vestibulum in ante sem. Ut sit amet erat arcu, eget fringilla odio. Aenean a nibh est. Cras metus urna, vulputate non feugiat vel, condimentum sit amet purus.</p> <h2>Step 10</h2><p>Lorem ipsum dolor sit amet, consectetur adipiscing elit. Nam ullamcorper justo sem. Fusce ac sem est. Aenean dignissim feugiat auctor. Vestibulum in ante sem. Ut sit amet erat arcu, eget fringilla odio. Aenean a nibh est. Cras metus urna, vulputate non feugiat vel, condimentum sit amet purus.</p> "
}